HomeTeam,AwayTeam,HomeLastMatch,AwayLastMatch,HomeGoalDiff,AwayGoalDiff,HomeAvgGoals,AwayAvgGoals,HomeWinStreak,AwayWinStreak,HomeAvgConceded,AwayAvgConceded,HomeGoalDiffAvg,AwayGoalDiffAvg,FullTimeHomeTeamGoals,FullTimeAwayTeamGoals,FullTimeResult,MarketAverageHomeWinOdds,MarketAverageDrawWinOdds,MarketAverageAwayWinOdds,MarketAverageOver2.5Goals,MarketAverageUnder2.5Goals
0,19,7,7,2,-2,2.0,0.0,1,0,0.0,2.0,2.0,-2.0,2,0,1,1.18,7.86,15.87,1.46,2.7
0,2,14,14,0,0,1.5,1.0,1,0,0.5,1.0,1.0,0.0,1,1,0,1.35,5.66,8.11,1.53,2.52
0,9,28,14,2,-2,2.33,2.0,2,0,1.0,4.0,1.33,-2.0,4,2,1,1.18,7.82,15.12,1.49,2.55
0,15,7,5,2,-2,2.5,1.0,3,0,1.0,3.0,1.5,-2.0,3,1,1,1.14,9.2,18.63,1.36,3.13
0,10,22,22,0,0,2.4,2.0,3,0,1.2,2.0,1.2,0.0,2,2,0,2.49,3.37,2.89,1.89,1.94
0,24,27,29,3,-3,2.6,0.0,3,0,1.2,3.0,1.4,-3.0,3,0,1,1.37,4.97,8.9,1.81,2.03
0,12,11,10,2,-2,2.8,0.0,4,0,1.0,2.0,1.8,-2.0,2,0,1,1.46,4.73,6.92,1.63,2.31
0,6,10,13,0,0,2.0,0.0,3,0,0.6,0.0,1.4,0.0,0,0,0,1.23,6.33,13.36,1.66,2.23
0,26,13,13,1,-1,1.6,0.0,3,0,0.4,1.0,1.2,-1.0,1,0,1,1.16,8.37,17.31,1.39,2.99
0,16,19,20,1,-1,1.6,1.0,4,0,0.2,2.0,1.4,-1.0,2,1,1,1.4,5.29,6.86,1.43,2.8
0,1,3,3,0,0,1.4,2.0,3,0,0.6,2.0,0.8,0.0,2,2,0,1.51,4.35,6.45,1.82,2.01
0,11,15,14,4,-4,2.0,1.0,3,0,0.8,5.0,1.2,-4.0,5,1,1,1.97,3.58,3.83,1.75,2.1
0,18,20,19,-1,1,2.0,1.0,3,1,1.0,0.0,1.0,1.0,0,1,-1,1.25,6.2,11.63,1.68,2.22
1,0,7,7,-2,2,0.0,2.0,0,1,2.0,0.0,-2.0,2.0,0,2,-1,4.41,3.92,1.78,1.73,2.13
1,6,21,21,1,-1,1.5,1.0,1,0,2.0,1.5,-0.5,-0.5,3,2,1,1.51,4.48,6.34,1.67,2.23
1,19,7,21,2,-2,2.0,0.5,2,0,1.67,2.5,0.33,-2.0,3,1,1,1.59,4.39,5.35,1.58,2.41
1,12,15,15,0,0,1.5,0.0,2,0,1.25,1.0,0.25,-1.0,0,0,0,2.21,3.82,3.06,1.53,2.52
1,23,20,21,0,0,1.4,1.0,2,0,1.2,1.0,0.2,0.0,1,1,0,1.86,3.97,3.97,1.6,2.39
1,5,28,21,0,0,1.8,2.0,2,0,1.2,2.0,0.6,0.0,2,2,0,1.63,4.11,5.45,1.75,2.11
1,20,11,11,2,-2,1.8,1.0,2,0,1.0,3.0,0.8,-2.0,3,1,1,1.8,4.01,4.24,1.57,2.42
1,15,3,8,1,-1,1.4,0.5,2,0,0.8,2.0,0.6,-1.5,1,0,1,1.37,5.41,7.78,1.44,2.81
1,11,14,14,1,-1,1.8,1.0,3,0,1.0,3.5,0.8,-2.5,2,1,1,3.29,3.71,2.12,1.59,2.39
1,2,9,9,0,0,2.0,1.5,3,0,1.2,1.5,0.8,0.0,2,2,0,1.94,3.86,3.61,1.59,2.36
1,9,5,9,1,-1,2.0,1.5,4,0,1.0,3.0,1.0,-1.5,2,1,1,1.32,5.51,9.16,1.5,2.58
1,18,22,22,0,0,1.6,1.0,3,1,1.0,0.5,0.6,0.5,1,1,0,1.55,4.39,5.81,1.67,2.21
1,26,20,21,0,0,1.6,0.5,2,0,1.2,1.0,0.4,-0.5,1,1,0,1.41,4.96,7.45,1.58,2.41
1,10,4,7,0,0,1.6,2.0,1,0,1.4,2.0,0.2,0.0,2,2,0,3.93,4.0,1.85,1.56,2.45
1,4,3,8,1,-1,1.6,1.0,2,0,1.2,2.0,0.4,-1.0,2,1,1,2.62,3.7,2.56,1.56,2.45
23,13,7,7,0,0,1.0,1.0,0,0,1.0,1.0,0.0,0.0,1,1,0,2.99,3.8,2.25,1.56,2.44
23,4,20,20,-1,1,0.5,1.0,0,1,1.0,1.0,-0.5,0.0,0,1,-1,3.33,3.96,2.05,1.45,2.76
23,15,16,30,2,-2,1.33,0.67,1,0,1.0,2.33,0.33,-1.67,3,1,1,1.65,4.29,4.91,1.49,2.6
23,0,19,27,2,-2,1.5,1.0,2,1,0.75,1.0,0.75,0.0,2,0,1,4.94,4.09,1.68,1.72,2.15
23,11,14,13,1,-1,1.6,1.0,3,0,0.8,3.0,0.8,-2.0,2,1,1,5.32,4.44,1.59,1.57,2.42
23,2,21,21,-1,1,1.6,1.67,3,1,1.0,1.33,0.6,0.33,1,2,-1,2.41,3.62,2.86,1.57,2.41
23,16,12,12,1,-1,1.8,0.5,4,0,0.8,1.5,1.0,-1.0,1,0,1,2.65,3.92,2.42,1.41,2.9
23,18,11,13,0,0,1.4,1.0,3,1,0.8,0.67,0.6,0.33,1,1,0,1.71,4.19,4.43,1.51,2.54
23,5,10,11,0,0,1.0,1.0,2,0,0.8,1.0,0.2,0.0,0,0,0,1.9,3.77,3.87,1.72,2.13
23,6,9,9,1,-1,0.8,0.67,2,0,0.6,1.33,0.2,-0.67,1,0,1,1.75,3.82,4.71,1.86,1.96
23,24,21,19,5,-5,1.6,0.0,3,0,0.2,4.0,1.4,-4.0,5,0,1,2.09,3.64,3.42,1.82,2.02
23,10,7,14,-2,2,1.4,2.0,2,1,0.6,1.33,0.8,0.67,0,2,-1,4.56,4.32,1.68,1.46,2.69
23,19,21,6,-1,1,1.2,0.67,2,1,0.6,1.67,0.6,-1.0,0,1,-1,1.56,4.45,5.5,1.59,2.39
20,5,7,7,1,-1,2.0,1.0,1,0,1.0,1.33,1.0,-0.33,2,1,1,2.46,3.44,2.9,1.81,2.03
20,15,13,14,2,-2,2.5,0.75,2,0,1.0,2.5,1.5,-1.75,3,1,1,1.77,3.97,4.46,1.73,2.15
20,18,28,14,0,0,2.0,1.0,2,1,1.0,0.75,1.0,0.25,1,1,0,2.23,3.62,3.16,1.66,2.27
20,19,7,14,2,-2,2.75,1.25,3,1,1.5,2.5,1.25,-1.25,5,3,1,2.09,3.64,3.47,1.78,2.08
20,26,21,21,1,-1,3.0,1.33,4,0,1.8,2.0,1.2,-0.67,4,3,1,1.67,4.27,4.86,1.65,2.28
20,23,14,14,1,-1,3.2,1.5,4,0,2.0,2.0,1.2,-0.5,3,2,1,2.53,3.59,2.72,1.6,2.39
20,9,21,20,3,-3,3.4,1.33,4,0,2.0,3.33,1.4,-2.0,4,1,1,1.66,4.24,4.87,1.58,2.41
20,13,7,7,2,-2,4.0,1.5,5,0,2.2,2.5,1.8,-1.0,4,2,1,2.86,3.74,2.36,1.57,2.45
20,24,14,14,-2,2,3.0,0.67,4,1,2.0,2.67,1.0,-2.0,0,2,-1,2.35,3.52,2.99,1.72,2.13
20,0,11,11,-2,2,2.4,1.67,3,2,2.0,1.0,0.4,0.67,1,3,-1,6.67,4.8,1.44,1.54,2.46
20,11,13,16,0,0,2.2,1.25,2,0,2.0,2.75,0.2,-1.5,2,2,0,4.76,4.47,1.64,1.38,3.04
20,10,4,4,-2,2,1.4,2.0,1,2,2.2,1.0,-0.8,1.0,0,2,-1,6.43,5.15,1.43,1.35,3.16
20,16,15,14,-2,2,0.6,1.0,0,1,2.2,1.0,-1.6,0.0,0,2,-1,2.11,3.97,3.1,1.33,3.25
20,6,24,11,0,0,0.8,0.75,0,0,2.0,1.25,-1.2,-0.5,1,1,0,2.02,3.68,3.59,1.85,1.99
2,12,7,7,1,-1,2.0,0.33,1,0,1.0,1.33,1.0,-1.0,2,1,1,2.5,3.72,2.69,1.58,2.42
2,26,21,21,0,0,1.0,1.0,1,0,0.5,1.5,0.5,-0.5,0,0,0,1.38,5.16,7.89,1.56,2.46
2,24,8,8,0,0,1.33,1.0,1,1,1.0,2.5,0.33,-1.5,2,2,0,1.86,3.83,4.21,1.83,2.02
2,16,14,7,1,-1,1.75,1.25,2,1,1.25,1.5,0.5,-0.25,3,2,1,2.9,4.01,2.23,1.39,3.0
2,19,20,21,0,0,1.8,1.4,2,1,1.4,2.4,0.4,-1.0,2,2,0,1.64,4.32,4.94,1.56,2.43
2,11,14,7,1,-1,1.8,1.2,2,0,1.4,2.6,0.4,-1.4,2,1,1,4.34,4.17,1.75,1.53,2.5
2,15,20,20,0,0,2.0,0.8,2,0,1.6,2.2,0.4,-1.4,1,1,0,1.39,5.29,7.57,1.43,2.84
2,5,16,12,-2,2,1.8,1.5,2,1,1.8,1.25,0.0,0.25,1,3,-1,1.89,3.82,3.9,1.72,2.13
2,20,12,12,0,0,1.2,0.5,1,0,1.4,1.5,-0.2,-1.0,0,0,0,1.64,4.44,4.89,1.44,2.78
2,0,8,3,0,0,1.0,1.5,1,2,1.2,1.0,-0.2,0.5,1,1,0,4.36,3.83,1.8,1.73,2.12
2,6,21,21,-1,1,0.6,0.8,0,1,1.2,1.0,-0.6,-0.2,0,1,-1,1.67,3.86,5.39,1.9,1.93
2,4,20,20,3,-3,1.0,0.67,1,1,1.0,1.67,0.0,-1.0,3,0,1,2.85,3.6,2.43,1.58,2.42
2,23,11,10,1,-1,1.2,1.33,2,0,0.6,2.0,0.6,-0.67,2,1,1,2.06,3.81,3.43,1.62,2.35
4,11,7,7,-2,2,0.0,1.4,0,1,2.0,1.6,-2.0,-0.2,0,2,-1,4.05,4.0,1.83,1.5,2.59
4,5,14,14,0,0,0.5,1.4,0,1,1.5,1.2,-1.0,0.2,1,1,0,1.63,4.4,5.01,1.52,2.56
4,2,27,28,2,-2,1.67,1.75,1,1,1.67,2.0,0.0,-0.25,4,2,1,1.74,4.23,4.35,1.5,2.58
4,24,8,14,0,0,1.5,1.0,1,1,1.5,2.2,0.0,-1.2,1,1,0,1.48,4.73,6.32,1.55,2.46
4,13,21,22,1,-1,1.6,1.33,2,0,1.4,2.33,0.2,-1.0,2,1,1,1.76,4.26,4.15,1.44,2.78
4,0,14,8,0,0,1.8,1.4,2,2,1.2,1.0,0.6,0.4,1,1,0,2.75,3.49,2.53,1.71,2.17
4,1,21,22,3,-3,2.2,1.0,3,0,1.0,2.5,1.2,-1.5,3,0,1,1.71,4.21,4.51,1.53,2.51
4,20,14,11,1,-1,1.8,0.67,3,0,0.8,1.67,1.0,-1.0,2,1,1,1.33,5.89,8.08,1.32,3.32
4,7,11,12,-1,1,1.8,2.0,3,1,1.0,1.0,0.8,1.0,1,2,-1,1.47,4.88,6.15,1.45,2.72
4,23,19,16,0,0,1.8,1.5,2,0,1.2,2.0,0.6,-0.5,2,2,0,1.5,4.81,5.92,1.42,2.87
4,19,6,5,2,-2,2.2,1.6,3,1,1.2,2.6,1.0,-1.0,3,1,1,1.37,5.51,7.3,1.37,3.06
4,18,14,8,1,-1,2.0,1.0,3,1,1.4,1.0,0.6,0.0,2,1,1,1.36,5.54,7.58,1.38,2.99
4,15,22,24,4,-4,2.4,0.6,3,0,1.2,2.4,1.2,-1.8,4,0,1,1.17,8.55,14.69,1.28,3.72
5,18,7,7,-2,2,0.0,1.2,0,1,2.0,1.0,-2.0,0.2,0,2,-1,2.17,3.63,3.25,1.76,2.1
5,9,21,21,0,0,1.0,1.5,0,0,2.0,3.0,-1.0,-1.5,2,2,0,1.63,4.14,5.38,1.76,2.1
5,12,7,7,0,0,0.67,0.25,0,0,1.33,1.0,-0.67,-0.75,0,0,0,2.85,3.72,2.36,1.6,2.39
5,10,14,7,-1,1,0.5,1.8,0,3,1.25,0.8,-0.75,1.0,0,1,-1,6.36,4.65,1.49,1.59,2.4
5,16,22,21,1,-1,0.6,1.0,1,1,1.0,1.4,-0.4,-0.4,1,0,1,3.97,3.97,1.85,1.59,2.4
5,7,13,14,-2,2,0.6,2.0,1,2,1.0,0.5,-0.4,1.5,0,2,-1,2.7,3.48,2.61,1.93,1.91
5,13,21,20,0,0,0.4,1.25,1,0,0.8,2.0,-0.4,-0.75,1,1,0,3.04,3.56,2.3,1.79,2.08
5,11,7,6,0,0,0.8,1.6,1,1,1.2,1.6,-0.4,0.0,2,2,0,5.39,4.33,1.6,1.64,2.31
5,0,14,13,-4,4,1.0,2.0,1,2,2.0,1.2,-1.0,0.8,1,5,-1,6.08,4.11,1.57,1.83,2.01
5,15,8,7,1,-1,1.2,0.8,1,0,2.2,2.6,-1.0,-1.8,2,1,1,1.61,4.11,5.42,1.75,2.09
5,4,6,5,0,0,1.4,0.75,1,1,2.0,1.5,-0.6,-0.75,1,1,0,3.65,3.88,1.95,1.58,2.39
5,20,22,22,-1,1,1.4,1.0,1,1,2.2,1.5,-0.8,-0.5,1,2,-1,2.06,3.68,3.47,1.74,2.12
5,6,20,21,-1,1,1.2,1.2,1,2,2.2,1.2,-1.0,0.0,1,2,-1,1.81,3.45,4.94,2.23,1.67
5,1,10,24,3,-3,1.8,1.0,2,0,1.4,3.0,0.4,-2.0,4,1,1,2.55,3.38,2.83,1.9,1.95
6,2,7,7,-3,3,0.0,2.0,0,2,3.0,1.6,-3.0,0.4,0,3,-1,2.67,3.41,2.68,1.81,2.04
6,23,14,14,-1,1,1.0,1.8,0,1,3.0,2.0,-2.0,-0.2,2,3,-1,2.78,3.4,2.59,1.87,1.95
6,5,28,27,1,-1,1.33,1.2,1,1,2.33,1.2,-1.0,0.0,2,1,1,2.73,3.39,2.63,1.87,1.97
6,13,7,14,0,0,1.0,1.0,1,0,1.75,1.6,-0.75,-0.6,0,0,0,3.15,3.62,2.23,1.69,2.21
6,7,21,21,0,0,1.0,1.67,1,2,1.6,0.67,-0.6,1.0,1,1,0,2.76,3.37,2.6,1.89,1.95
6,20,28,19,0,0,1.0,0.8,1,1,1.0,1.2,0.0,-0.4,0,0,0,2.46,3.41,2.94,1.84,2.01
6,19,11,11,4,-4,1.4,1.4,2,1,0.4,2.8,1.0,-1.4,4,0,1,2.14,3.46,3.51,1.98,1.86
6,4,18,14,0,0,1.0,0.6,1,1,0.2,1.2,0.8,-0.6,0,0,0,5.18,4.13,1.63,1.66,2.25
6,24,7,8,-2,2,1.0,1.4,1,2,0.6,1.6,0.4,-0.2,0,2,-1,2.64,3.16,2.83,2.23,1.66
6,1,17,20,-1,1,0.8,1.0,1,1,0.6,2.25,0.2,-1.25,0,1,-1,3.2,3.24,2.35,2.06,1.78
6,16,4,4,1,-1,1.4,1.2,2,1,1.0,1.6,0.4,-0.4,3,2,1,2.91,3.51,2.41,1.69,2.19
6,9,13,6,4,-4,1.4,1.2,2,0,1.0,3.2,0.4,-2.0,4,0,1,1.79,3.67,4.67,2.01,1.83
6,10,11,11,0,0,1.8,1.8,2,3,1.4,0.8,0.4,1.0,2,2,0,7.36,4.71,1.44,1.71,2.18
6,12,10,6,0,0,2.2,0.6,2,0,1.4,1.2,0.8,-0.6,2,2,0,2.55,3.2,2.96,2.19,1.7
7,9,7,7,1,-1,2.0,1.0,1,0,1.0,2.8,1.0,-1.8,2,1,1,1.83,3.73,4.38,1.87,1.97
7,18,21,21,0,0,1.5,1.2,1,1,1.0,1.0,0.5,0.2,1,1,0,2.42,3.48,2.92,1.72,2.16
7,13,7,6,2,-2,2.0,1.0,2,0,1.0,2.0,1.0,-1.0,3,1,1,2.86,3.51,2.45,1.68,2.22
7,1,28,20,-2,2,1.75,1.4,2,2,1.5,2.0,0.25,-0.6,1,3,-1,2.44,3.5,2.89,1.73,2.14
7,20,16,16,1,-1,1.8,0.8,3,1,1.4,1.0,0.4,-0.2,2,1,1,2.03,3.73,3.52,1.67,2.23
7,19,19,28,-3,3,1.6,2.0,2,1,2.0,3.0,-0.4,-1.0,1,4,-1,1.65,4.09,5.23,1.68,2.21
7,2,12,12,2,-2,2.0,2.0,3,2,2.0,2.0,0.0,0.0,3,1,1,2.33,3.65,2.92,1.62,2.33
7,0,3,8,0,0,1.6,2.2,2,2,2.0,1.0,-0.4,1.2,1,1,0,5.4,4.24,1.61,1.78,2.06
7,15,14,15,0,0,1.4,0.6,2,0,1.4,2.0,0.0,-1.4,0,0,0,1.42,4.96,7.21,1.54,2.46
7,23,7,7,0,0,1.4,2.0,1,1,1.6,2.2,-0.2,-0.2,2,2,0,2.35,3.58,2.91,1.67,2.21
7,26,7,9,0,0,1.6,1.2,1,0,1.2,1.6,0.4,-0.4,2,2,0,1.56,4.34,5.68,1.7,2.15
7,12,21,21,-1,1,1.0,0.8,0,1,1.2,0.8,-0.2,0.0,0,1,-1,2.31,3.44,3.1,1.85,1.98
7,24,20,21,1,-1,1.2,1.6,1,2,1.2,1.0,0.0,0.6,2,1,1,2.22,3.35,3.39,2.1,1.76
7,5,7,20,-2,2,1.2,1.6,1,2,1.6,1.2,-0.4,0.4,0,2,-1,2.05,3.48,3.74,1.98,1.87
26,10,7,7,-2,2,0.0,1.8,0,4,2.0,0.4,-2.0,1.4,0,2,-1,8.28,5.76,1.34,1.41,2.94
26,7,14,15,0,0,0.5,1.5,0,2,1.5,0.75,-1.0,0.75,1,1,0,3.1,3.5,2.31,1.82,2.03
26,1,29,29,0,0,1.0,1.4,0,2,1.67,2.0,-0.67,-0.6,2,2,0,4.15,3.77,1.87,1.73,2.14
26,6,20,28,-2,2,0.75,1.2,0,3,1.75,0.6,-1.0,0.6,0,2,-1,2.4,3.42,3.01,1.83,2.01
26,9,14,14,0,0,0.8,1.0,0,0,1.6,2.6,-0.8,-1.6,1,1,0,2.27,3.61,3.09,1.71,2.18
26,12,22,28,0,0,1.0,1.0,0,1,1.4,1.0,-0.4,0.0,1,1,0,5.06,4.22,1.63,1.56,2.44
26,5,9,10,-1,1,0.8,1.6,0,3,1.4,0.8,-0.6,0.8,0,1,-1,3.09,3.37,2.38,1.98,1.86
26,23,5,8,-1,1,0.6,2.0,0,2,1.4,1.8,-0.8,0.2,1,2,-1,3.57,3.73,2.02,1.72,2.16
26,13,13,14,-4,4,0.6,1.4,0,1,1.8,1.2,-1.2,0.2,0,4,-1,4.61,3.95,1.74,1.63,2.3
26,4,9,8,2,-2,0.8,0.4,1,1,1.6,1.2,-0.8,-0.8,2,0,1,6.87,5.02,1.41,1.43,2.75
26,2,17,17,-2,2,0.6,2.0,1,3,1.8,1.6,-1.2,0.4,0,2,-1,3.8,3.73,1.94,1.71,2.15
26,11,3,5,-6,6,0.6,2.6,1,2,2.8,1.2,-2.2,1.4,0,6,-1,7.72,5.36,1.36,1.44,2.74
26,15,13,13,-1,1,0.6,0.8,1,1,2.8,1.6,-2.2,-0.8,1,2,-1,1.98,3.67,3.74,1.76,2.09
26,16,21,20,-3,3,0.8,2.0,1,2,2.8,1.6,-2.0,0.4,1,4,-1,3.87,3.89,1.89,1.52,2.56
9,16,7,7,0,0,1.0,1.8,0,1,1.0,1.8,0.0,0.0,1,1,0,5.01,4.37,1.63,1.52,2.54
9,1,12,14,-1,1,1.0,1.8,0,3,1.5,1.6,-0.5,0.2,1,2,-1,4.62,4.02,1.74,1.69,2.21
9,6,21,7,0,0,1.0,1.4,0,3,1.33,0.6,-0.33,0.8,1,1,0,2.52,3.44,2.82,1.86,1.98
9,23,14,14,1,-1,1.0,1.8,1,2,1.0,1.6,0.0,0.2,1,0,1,3.24,3.66,2.17,1.69,2.21
9,24,20,19,-2,2,1.0,1.8,1,2,1.4,1.2,-0.4,0.6,1,3,-1,3.09,3.32,2.41,2.06,1.79
9,4,29,20,-1,1,1.0,0.6,1,1,1.6,1.4,-0.6,-0.8,1,2,-1,6.75,4.81,1.46,1.48,2.64
9,18,10,8,2,-2,1.4,1.2,2,1,1.4,1.4,0.0,-0.2,3,1,1,2.9,3.44,2.47,1.79,2.06
9,2,5,3,0,0,1.6,2.0,2,2,1.6,1.8,0.0,0.2,2,2,0,4.48,4.02,1.75,1.59,2.39
9,19,14,13,-3,3,1.4,2.0,1,2,2.2,2.0,-0.8,0.0,0,3,-1,2.55,3.56,2.69,1.66,2.24
9,11,7,8,-2,2,1.2,2.6,1,3,2.0,0.8,-0.8,1.8,0,2,-1,7.92,5.62,1.34,1.36,3.07
9,5,17,20,-2,2,1.0,1.4,1,3,2.0,0.6,-1.0,0.8,0,2,-1,3.88,3.73,1.92,1.74,2.11
9,7,3,4,-2,2,0.4,1.6,0,3,2.2,0.6,-1.8,1.0,0,2,-1,4.17,3.81,1.84,1.71,2.14
9,0,28,21,-2,2,0.0,2.0,0,2,2.2,0.8,-2.2,1.2,0,2,-1,9.45,5.29,1.34,1.71,2.17
9,20,6,6,-4,4,0.0,1.6,0,2,2.4,1.0,-2.4,0.6,0,4,-1,3.7,3.86,1.96,1.58,2.42
10,20,7,7,2,-2,2.0,1.4,1,2,0.0,1.0,2.0,0.4,2,0,1,1.25,6.78,10.37,1.35,3.2
10,24,20,21,-1,1,1.0,1.6,1,3,0.5,0.8,0.5,0.8,0,1,-1,1.22,7.03,12.4,1.41,2.91
10,23,7,21,3,-3,1.67,1.4,2,2,0.33,1.8,1.33,-0.4,3,0,1,1.29,6.31,9.35,1.36,3.12
10,4,29,29,1,-1,1.75,0.8,3,1,0.5,1.2,1.25,-0.4,2,1,1,1.63,4.39,4.89,1.4,2.93
10,2,13,14,1,-1,1.8,1.8,4,2,0.6,1.4,1.2,0.4,2,1,1,1.39,5.4,7.12,1.39,2.99
10,1,7,6,2,-2,1.8,1.6,4,3,0.6,1.2,1.2,0.4,2,0,1,1.42,5.26,6.7,1.43,2.83
10,11,22,22,2,-2,2.2,2.4,5,3,0.4,0.8,1.8,1.6,2,0,1,2.09,3.7,3.37,1.54,2.42
10,7,13,13,0,0,2.0,1.6,4,2,0.8,0.8,1.2,0.8,2,2,0,1.32,5.75,8.89,1.47,2.66
10,9,12,12,2,-2,2.2,1.0,4,0,0.8,2.4,1.4,-1.4,3,1,1,1.08,12.4,25.35,1.19,4.41
10,12,10,10,0,0,2.2,1.2,3,1,1.0,1.0,1.2,0.2,2,2,0,1.29,6.05,9.49,1.41,2.86
10,26,20,20,3,-3,2.6,1.4,3,0,1.2,2.2,1.4,-0.8,4,1,1,1.1,11.04,20.87,1.25,3.82
10,19,22,27,1,-1,2.6,1.8,3,2,1.4,2.0,1.2,-0.2,2,1,1,1.19,7.85,12.84,1.37,3.12
10,13,10,11,2,-2,2.6,1.2,4,1,1.0,1.2,1.6,0.0,2,0,1,1.52,4.77,5.64,1.44,2.79
11,26,7,7,3,-3,4.0,1.4,1,0,1.0,2.8,3.0,-1.4,4,1,1,1.09,12.17,26.97,1.29,3.54
11,20,21,20,1,-1,3.0,1.2,2,1,1.0,1.2,2.0,0.0,2,1,1,1.17,8.2,14.79,1.35,3.22
11,0,8,7,0,0,2.67,2.2,2,2,1.33,1.0,1.33,1.2,2,2,0,1.83,3.62,4.52,2.02,1.82
11,7,13,7,1,-1,2.75,1.6,3,1,1.5,1.4,1.25,0.2,3,2,1,1.24,6.85,11.11,1.45,2.74
11,15,21,21,1,-1,2.4,0.6,4,1,1.2,1.6,1.2,-1.0,1,0,1,1.11,10.94,21.04,1.27,3.73
11,16,28,27,-4,4,1.6,2.2,3,2,1.8,1.2,-0.2,1.0,0,4,-1,1.49,5.01,5.92,1.31,3.46
11,24,11,11,3,-3,1.8,1.4,3,3,1.6,1.2,0.2,0.2,3,0,1,1.37,5.21,8.25,1.59,2.4
11,12,11,11,-1,1,1.6,1.6,3,2,1.6,1.2,0.0,0.4,1,2,-1,1.58,4.59,5.04,1.43,2.78
11,6,11,12,0,0,1.2,1.4,2,3,1.4,0.6,-0.2,0.8,1,1,0,1.34,5.46,8.59,1.55,2.44
11,18,9,9,3,-3,1.8,1.2,2,1,1.6,2.0,0.2,-0.8,4,1,1,1.31,6.09,8.3,1.34,3.23
11,4,21,21,2,-2,2.4,0.8,3,1,1.0,1.6,1.4,-0.8,3,1,1,2.03,4.03,3.29,1.41,2.88
11,13,21,21,4,-4,2.6,1.0,3,1,1.0,1.8,1.6,-0.8,4,0,1,1.97,4.07,3.44,1.45,2.77
11,10,8,4,-2,2,2.4,1.8,3,4,1.0,0.4,1.4,1.4,0,2,-1,2.9,3.86,2.26,1.41,2.89
12,7,7,7,1,-1,1.0,1.4,1,1,0.0,1.4,1.0,0.0,1,0,1,1.62,4.36,5.15,1.53,2.52
12,10,16,15,-3,3,0.5,2.0,1,4,1.5,0.4,-1.0,1.6,0,3,-1,3.82,4.2,1.85,1.43,2.84
12,16,28,28,-3,3,0.33,2.8,1,3,2.0,1.0,-1.67,1.8,0,3,-1,2.36,3.89,2.77,1.42,2.87
12,20,20,28,1,-1,0.75,1.4,2,1,1.75,1.6,-1.0,-0.2,2,1,1,1.71,4.28,4.48,1.49,2.58
12,4,15,14,0,0,0.8,1.0,2,1,1.6,1.8,-0.8,-0.8,1,1,0,2.58,3.78,2.56,1.44,2.79
12,9,7,8,3,-3,1.2,0.6,2,0,1.6,2.6,-0.4,-2.0,3,0,1,1.39,5.35,7.46,1.46,2.72
12,6,21,22,4,-4,2.0,1.2,3,2,1.0,1.4,1.0,-0.2,4,0,1,1.54,4.33,6.08,1.75,2.11
12,24,6,3,-1,1,2.4,1.6,3,3,1.0,1.6,1.4,0.0,2,3,-1,1.67,4.05,5.12,1.79,2.05
12,23,15,14,-3,3,2.0,1.4,2,2,1.4,1.4,0.6,0.0,0,3,-1,1.85,3.88,4.07,1.6,2.36
12,13,8,9,-2,2,1.8,1.4,2,2,1.6,1.8,0.2,-0.4,0,2,-1,2.7,3.61,2.49,1.63,2.28
12,15,17,18,2,-2,1.8,0.8,2,1,1.8,1.4,0.0,-0.6,3,1,1,1.3,5.79,9.4,1.52,2.52
12,2,3,3,-2,2,1.2,1.8,1,2,2.4,1.6,-1.2,0.2,1,3,-1,2.09,3.71,3.36,1.66,2.23
12,5,14,15,-2,2,0.8,1.6,1,4,2.2,0.4,-1.4,1.2,0,2,-1,2.04,3.48,3.71,1.83,1.99
12,26,24,11,1,-1,1.4,1.2,2,0,2.0,2.6,-0.6,-1.4,3,2,1,1.52,4.55,5.83,1.64,2.29
13,15,7,7,1,-1,1.0,0.6,1,1,0.0,1.2,1.0,-0.6,1,0,1,1.35,5.62,8.1,1.4,3.01
13,16,15,13,1,-1,1.5,2.6,2,3,0.5,0.8,1.0,1.8,2,1,1,2.51,3.97,2.56,1.38,3.07
13,11,27,28,0,0,1.33,2.2,2,2,0.67,1.0,0.67,1.2,1,1,0,5.09,4.47,1.61,1.49,2.64
13,2,21,21,-1,1,1.0,1.8,2,3,0.75,1.0,0.25,0.8,0,1,-1,2.01,3.88,3.51,1.51,2.56
13,0,14,14,1,-1,1.0,2.0,3,2,0.6,1.0,0.4,1.0,1,0,1,3.77,3.69,1.98,1.82,2.02
13,18,23,23,-2,2,0.8,1.4,2,2,1.0,1.6,-0.2,-0.2,0,2,-1,1.5,4.57,6.21,1.55,2.45
13,10,9,10,0,0,1.0,2.4,1,3,1.4,1.0,-0.4,1.4,3,3,0,4.27,4.04,1.78,1.59,2.38
13,9,10,14,4,-4,1.6,0.6,2,0,1.2,2.6,0.4,-2.0,4,0,1,1.31,5.83,9.08,1.45,2.75
13,1,12,12,3,-3,2.2,1.4,3,2,1.0,1.8,1.2,-0.4,3,0,1,1.93,3.91,3.66,1.61,2.34
13,19,20,17,3,-3,2.6,1.6,3,2,1.0,2.0,1.6,-0.4,3,0,1,1.35,5.54,8.08,1.42,2.82
13,23,3,4,-3,3,2.8,1.8,3,3,1.4,1.2,1.4,0.6,1,4,-1,1.64,4.3,4.93,1.54,2.47
13,7,14,14,-1,1,2.4,1.6,3,2,1.2,1.4,1.2,0.2,1,2,-1,1.71,4.07,4.66,1.64,2.28
13,24,22,8,1,-1,2.4,2.0,3,3,1.8,2.0,0.6,0.0,4,3,1,1.81,3.96,4.11,1.66,2.25
24,23,7,7,0,0,1.0,1.6,0,2,1.0,1.2,0.0,0.4,1,1,0,2.45,3.49,2.89,1.77,2.08
24,19,14,14,0,0,1.0,1.8,0,2,1.0,1.4,0.0,0.4,1,1,0,2.03,3.66,3.65,1.83,2.02
24,7,28,28,-1,1,0.67,1.4,0,2,1.0,1.4,-0.33,0.0,0,1,-1,2.4,3.34,3.07,2.0,1.85
24,5,23,23,1,-1,0.75,1.4,1,4,0.75,0.2,0.0,1.2,1,0,1,2.36,3.31,3.11,2.14,1.73
24,18,12,14,3,-3,1.2,1.0,2,1,0.6,2.2,0.6,-1.2,3,0,1,2.15,3.52,3.43,1.86,1.98
24,13,8,14,-2,2,1.2,1.8,2,3,1.0,1.4,0.2,0.4,1,3,-1,2.69,3.31,2.72,1.94,1.9
24,26,20,20,1,-1,1.2,1.2,3,0,0.8,2.8,0.4,-1.6,1,0,1,1.75,3.82,4.79,1.89,1.94
24,1,14,13,1,-1,1.6,1.0,4,1,0.8,2.0,0.8,-1.0,2,1,1,2.64,3.39,2.68,1.87,1.96
24,16,12,11,1,-1,1.6,1.8,4,2,0.8,0.8,0.8,1.0,1,0,1,2.35,3.74,2.82,1.48,2.64
24,10,19,16,0,0,1.2,2.2,3,3,1.0,0.8,0.2,1.4,1,1,0,5.14,4.16,1.64,1.63,2.3
24,15,5,3,1,-1,1.6,1.0,4,1,0.8,1.8,0.8,-0.8,3,2,1,1.39,4.86,8.03,1.75,2.09
24,2,13,13,7,-7,2.8,1.4,4,2,0.8,2.4,2.0,-1.0,7,0,1,2.44,3.46,2.89,1.92,1.91
24,0,25,11,0,0,2.4,1.0,3,1,0.6,0.8,1.8,0.2,0,0,0,3.94,3.48,1.98,2.17,1.71
15,24,7,7,-1,1,0.0,1.6,0,3,1.0,1.8,-1.0,-0.2,0,1,-1,2.57,3.32,2.84,1.97,1.87
15,12,21,21,-3,3,0.0,1.8,0,3,2.0,0.8,-2.0,1.0,0,3,-1,4.56,4.04,1.74,1.61,2.36
15,26,7,7,0,0,0.33,1.0,0,0,1.67,2.6,-1.33,-1.6,1,1,0,2.25,3.52,3.17,1.77,2.06
15,9,28,21,-1,1,0.75,1.0,0,1,2.0,2.6,-1.25,-1.6,2,3,-1,2.33,3.54,3.03,1.76,2.08
15,6,14,14,1,-1,0.8,0.8,1,1,1.6,1.4,-0.8,-0.6,1,0,1,2.65,3.48,2.66,1.83,2.02
15,10,22,28,-1,1,1.2,2.4,1,3,2.0,1.2,-0.8,1.2,2,3,-1,10.4,5.96,1.28,1.44,2.8
15,4,10,11,-4,4,1.4,2.0,1,2,2.4,1.6,-1.0,0.4,1,5,-1,8.39,5.64,1.34,1.43,2.83
15,16,11,10,-5,5,1.2,2.6,1,3,3.2,0.6,-2.0,2.0,0,5,-1,4.29,4.47,1.69,1.3,3.46
15,18,11,10,-1,1,0.8,1.0,1,2,2.8,2.0,-2.0,-1.0,0,1,-1,3.24,3.56,2.18,1.66,2.23
15,20,9,8,-5,5,0.6,2.2,0,2,3.8,1.2,-3.2,1.0,0,5,-1,2.78,3.54,2.48,1.66,2.24
15,13,21,21,-2,2,0.4,1.6,0,3,3.8,1.6,-3.4,0.0,1,3,-1,6.82,5.09,1.42,1.44,2.75
15,23,21,28,-2,2,0.4,2.2,0,3,3.4,1.2,-3.0,1.0,1,3,-1,5.83,4.64,1.52,1.49,2.62
15,2,7,21,-4,4,0.4,1.8,0,3,3.2,2.0,-2.8,-0.2,0,4,-1,5.52,4.38,1.57,1.58,2.42
16,6,7,7,4,-4,4.0,0.4,1,0,0.0,2.2,4.0,-1.8,4,0,1,1.44,4.95,6.75,1.51,2.55
16,0,22,22,-1,1,2.0,1.0,1,2,0.5,0.6,1.5,0.4,0,1,-1,2.99,3.59,2.33,1.58,2.41
16,20,6,7,2,-2,2.33,1.6,2,1,0.67,1.8,1.67,-0.2,3,1,1,1.55,4.72,5.41,1.42,2.81
16,18,28,21,3,-3,2.75,1.0,3,2,0.75,2.2,2.0,-1.2,4,1,1,1.5,4.91,5.73,1.37,3.08
16,1,15,15,3,-3,3.0,0.8,4,1,0.8,2.4,2.2,-1.6,4,1,1,1.93,4.07,3.55,1.44,2.78
16,26,7,15,-1,1,2.4,1.2,3,1,1.2,2.0,1.2,-0.8,1,2,-1,1.26,6.76,9.98,1.3,3.49
16,7,21,22,0,0,2.6,1.2,3,2,1.2,1.2,1.4,0.0,1,1,0,1.72,4.35,4.24,1.42,2.84
16,4,7,4,-1,1,2.6,2.4,2,2,1.8,2.0,0.8,0.4,3,4,-1,3.21,4.04,2.07,1.35,3.26
16,10,14,18,-3,3,2.4,3.2,1,3,2.8,1.8,-0.4,1.4,3,6,-1,4.29,4.33,1.72,1.29,3.52
16,19,7,7,0,0,2.0,1.4,0,1,3.0,1.6,-1.0,-0.2,2,2,0,1.61,4.77,4.56,1.31,3.33
16,13,6,5,-1,1,2.0,2.0,0,4,3.0,1.4,-1.0,0.6,1,2,-1,2.88,3.94,2.24,1.32,3.31
16,9,22,22,-1,1,2.0,1.2,0,2,3.2,2.6,-1.2,-1.4,1,2,-1,1.46,5.21,5.89,1.33,3.27
16,12,21,21,1,-1,1.6,1.6,1,2,2.4,1.0,-0.8,0.6,1,0,1,2.45,3.73,2.69,1.48,2.67
16,11,10,24,-1,1,1.0,2.0,1,3,1.4,0.6,-0.4,1.4,0,1,-1,3.22,4.09,2.04,1.34,3.29
18,1,7,7,-1,1,1.0,0.8,0,1,2.0,2.4,-1.0,-1.6,1,2,-1,2.44,3.69,2.79,1.57,2.43
18,11,14,13,-2,2,1.0,1.4,0,3,2.5,0.8,-1.5,0.6,1,3,-1,7.57,5.49,1.38,1.46,2.73
18,4,21,7,-3,3,0.67,2.8,0,3,2.67,1.6,-2.0,1.2,0,3,-1,3.49,3.89,2.01,1.52,2.54
18,26,14,14,3,-3,1.5,1.2,1,1,2.25,2.0,-0.75,-0.8,4,1,1,1.8,3.96,4.25,1.69,2.21
18,12,22,21,1,-1,1.6,1.6,2,2,2.0,1.2,-0.4,0.4,2,1,1,2.89,3.71,2.33,1.51,2.53
18,6,13,7,0,0,1.4,0.2,2,0,1.6,2.0,-0.2,-1.8,0,0,0,2.18,3.47,3.38,1.81,2.03
18,0,21,20,-3,3,1.6,1.6,2,2,2.0,1.0,-0.4,0.6,2,5,-1,7.09,4.68,1.46,1.7,2.19
18,19,9,5,1,-1,2.0,1.0,3,0,1.6,2.0,0.4,-1.0,2,1,1,1.91,3.85,3.81,1.6,2.36
18,2,12,13,0,0,1.4,1.8,2,3,1.6,1.8,-0.2,0.0,1,1,0,2.8,3.75,2.38,1.51,2.56
18,10,8,7,-5,5,1.0,3.6,1,3,2.4,1.8,-1.4,1.8,0,5,-1,7.04,5.21,1.4,1.39,2.92
18,7,16,19,1,-1,1.6,1.2,2,2,2.8,1.2,-1.2,0.0,3,2,1,2.97,3.43,2.41,1.83,2.01
18,5,4,3,-2,2,1.2,1.4,2,4,2.2,0.2,-1.0,1.2,0,2,-1,2.62,3.41,2.69,1.79,2.04
18,20,28,20,-1,1,0.8,1.8,1,2,2.2,1.4,-1.4,0.4,0,1,-1,2.41,3.64,2.82,1.6,2.37
18,9,12,26,2,-2,1.0,1.0,2,2,2.0,2.4,-1.0,-1.4,2,0,1,1.63,4.15,5.17,1.71,2.17
19,4,7,7,-4,4,2.0,3.8,0,4,6.0,1.4,-4.0,2.4,2,6,-1,4.37,4.0,1.77,1.64,2.29
19,13,21,21,-1,1,1.5,2.4,0,5,4.0,0.8,-2.5,1.6,1,2,-1,3.36,3.69,2.11,1.56,2.47
19,10,13,27,-1,1,1.33,3.4,0,4,3.33,1.4,-2.0,2.0,1,2,-1,8.05,5.55,1.35,1.45,2.77
19,11,22,22,-1,1,1.25,1.4,0,3,3.0,1.0,-1.75,0.4,1,2,-1,8.88,5.85,1.31,1.45,2.75
19,5,13,12,0,0,1.4,1.6,0,3,2.8,0.6,-1.4,1.0,2,2,0,2.53,3.4,2.85,1.89,1.95
19,15,7,14,2,-2,1.4,0.6,1,0,1.6,2.0,-0.2,-1.4,2,0,1,1.96,3.84,3.67,1.66,2.26
19,23,21,21,-2,2,1.6,3.0,1,4,2.0,1.0,-0.4,2.0,2,4,-1,2.81,3.61,2.44,1.65,2.27
19,26,14,14,-1,1,1.6,1.2,1,2,2.0,1.6,-0.4,-0.4,1,2,-1,1.9,3.83,3.85,1.72,2.15
19,12,12,11,2,-2,1.8,1.2,2,2,1.6,1.2,0.2,0.0,2,0,1,3.8,3.7,1.94,1.67,2.22
19,24,11,8,-3,3,1.4,2.0,2,3,1.8,1.8,-0.4,0.2,0,3,-1,3.22,3.22,2.33,2.04,1.78
19,0,19,21,-1,1,1.0,1.4,1,3,2.0,0.6,-1.0,0.8,0,1,-1,6.85,4.65,1.46,1.72,2.14
19,1,7,14,2,-2,1.0,0.8,2,1,1.2,2.4,-0.2,-1.6,2,0,1,3.36,3.58,2.14,1.7,2.17
19,7,24,24,-1,1,1.0,1.6,2,3,1.2,1.2,-0.2,0.4,1,2,-1,2.71,3.34,2.69,2.01,1.84
